<?xml version="1.0" encoding="UTF-8" standalone="yes"?>
<!--
  Licensed to the Apache Software Foundation (ASF) under one or more
  contributor license agreements.  See the NOTICE file distributed with
  this work for additional information regarding copyright ownership.
  The ASF licenses this file to You under the Apache License, Version 2.0
  (the "License"); you may not use this file except in compliance with
  the License.  You may obtain a copy of the License at
      http://www.apache.org/licenses/LICENSE-2.0
  Unless required by applicable law or agreed to in writing, software
  distributed under the License is distributed on an "AS IS" BASIS,
  WITHOUT WARRANTIES OR CONDITIONS OF ANY KIND, either express or implied.
  See the License for the specific language governing permissions and
  limitations under the License.
-->
<!--
    This file lists the login identity providers to use when running securely. In order
    to use a specific provider it must be configured here and it's identifier
    must be specified in the nifi.properties file.
-->
<loginIdentityProviders>
    <!--
        Identity Provider for users logging in with username/password against an LDAP server.
        
        'Authentication Strategy' - How the connection to the LDAP server is authenticated. Possible
            values are ANONYMOUS, SIMPLE, LDAPS, or START_TLS.
        
        'Manager DN' - The DN of the manager that is used to bind to the LDAP server to search for users.
        'Manager Password' - The password of the manager that is used to bind to the LDAP server to
            search for users.
            
        'TLS - Keystore' - Path to the Keystore that is used when connecting to LDAP using LDAPS or START_TLS.
        'TLS - Keystore Password' - Password for the Keystore that is used when connecting to LDAP
            using LDAPS or START_TLS.
        'TLS - Keystore Type' - Type of the Keystore that is used when connecting to LDAP using
            LDAPS or START_TLS (i.e. JKS or PKCS12).
        'TLS - Truststore' - Path to the Truststore that is used when connecting to LDAP using LDAPS or START_TLS.
        'TLS - Truststore Password' - Password for the Truststore that is used when connecting to
            LDAP using LDAPS or START_TLS.
        'TLS - Truststore Type' - Type of the Truststore that is used when connecting to LDAP using
            LDAPS or START_TLS (i.e. JKS or PKCS12).
        'TLS - Client Auth' - Client authentication policy when connecting to LDAP using LDAPS or START_TLS.
            Possible values are REQUIRED, WANT, NONE.
        'TLS - Protocol' - Protocol to use when connecting to LDAP using LDAPS or START_TLS. (i.e. TLS,
            TLSv1.1, TLSv1.2, etc).
        'TLS - Shutdown Gracefully' - Specifies whether the TLS should be shut down gracefully 
            before the target context is closed. Defaults to false.
            
        'Referral Strategy' - Strategy for handling referrals. Possible values are FOLLOW, IGNORE, THROW.
        'Connect Timeout' - Duration of connect timeout. (i.e. 10 secs).
        'Read Timeout' - Duration of read timeout. (i.e. 10 secs).
       
        'Url' - Space-separated list of URLs of the LDAP servers (i.e. ldap://<hostname>:<port>).
        'User Search Base' - Base DN for searching for users (i.e. CN=Users,DC=example,DC=com).
        'User Search Filter' - Filter for searching for users against the 'User Search Base'.
            (i.e. sAMAccountName={0}). The user specified name is inserted into '{0}'.
        'Identity Strategy' - Strategy to identify users. Possible values are USE_DN and USE_USERNAME.
            The default functionality if this property is missing is USE_DN in order to retain
            backward compatibility. USE_DN will use the full DN of the user entry if possible.
            USE_USERNAME will use the username the user logged in with.
        'Authentication Expiration' - The duration of how long the user authentication is valid
            for. If the user never logs out, they will be required to log back in following
            this duration.
    -->
    <provider>
        <identifier>ldap-provider</identifier>
        <class>org.apache.nifi.ldap.LdapProvider</class>
        <property name="Authentication Strategy">{{.Values.auth.ldap.authStrategy}}</property>
        <property name="Manager DN">{{.Values.auth.ldap.admin}}</property>
        <property name="Manager Password">{{.Values.auth.ldap.pass}}</property>
        <property name="TLS - Keystore">/opt/nifi/nifi-current/conf/{{.Release.Name}}-nifi-0.{{.Release.Name}}-nifi-headless.{{.Release.Namespace}}.svc.cluster.local/keystore.jks</property>
        <property name="TLS - Keystore Password">{{.Values.auth.keystorePasswd}}</property>
        <property name="TLS - Keystore Type">JKS</property>
        <property name="TLS - Truststore">/opt/nifi/nifi-current/conf/{{.Release.Name}}-nifi-0.{{.Release.Name}}-nifi-headless.{{.Release.Namespace}}.svc.cluster.local/truststore.jks</property>
        <property name="TLS - Truststore Password">{{.Values.auth.truststorePasswd}}</property>
        <property name="TLS - Truststore Type">JKS</property>
        <property name="TLS - Client Auth">NONE</property>
        <property name="TLS - Protocol">TLS</property>
        <property name="TLS - Shutdown Gracefully">false</property>

        <property name="Referral Strategy">FOLLOW</property>
        <property name="Connect Timeout">10 secs</property>
        <property name="Read Timeout">10 secs</property>
        <property name="Url">{{.Values.auth.ldap.host}}</property>
        <property name="User Search Base">{{.Values.auth.ldap.searchBase}}</property>
        <property name="User Search Filter">({{.Values.auth.ldap.userIdentityAttribute}}={0})</property>
        <property name="Identity Strategy">{{.Values.auth.ldap.IdentityStrategy}}</property>
        <property name="Authentication Expiration">{{.Values.auth.ldap.authExpiration}}</property>
    </provider>
</loginIdentityProviders>
