<?xml version="1.0" encoding="UTF-8" standalone="yes"?>
<stateManagement>
    <local-provider>
        <id>local-provider</id>
        <class>org.apache.nifi.controller.state.providers.local.WriteAheadLocalStateProvider</class>
        <property name="Directory">./state/local</property>
        <property name="Always Sync">false</property>
        <property name="Partitions">16</property>
        <property name="Checkpoint Interval">2 mins</property>
    </local-provider>
    <cluster-provider>
        <id>zk-provider</id>
        <class>org.apache.nifi.controller.state.providers.zookeeper.ZooKeeperStateProvider</class>
        <property name="Connect String">{{ template "zookeeper.url" . }}</property>
        <property name="Root Node">/nifi</property>
        <property name="Session Timeout">10 seconds</property>
        <property name="Access Control">Open</property>
    </cluster-provider>
</stateManagement>
